{"camera_matrix": [[947.623357424516, 0.0, 959.0071074130702], [0.0, 947.893972855587, 541.350025850647], [0.0, 0.0, 1.0]], "dist_coeffs": [[0.021142039812340408], [-0.010313056120263566], [0.036108983788127935], [-0.02588654129601417]], "K": [[947.623357424516, 0.0, 959.0071074130702], [0.0, 947.893972855587, 541.350025850647], [0.0, 0.0, 1.0]], "D": [[0.021142039812340408], [-0.010313056120263566], [0.036108983788127935], [-0.02588654129601417]]}